iter,pi
2,2.6666666666666667407
3,3.4666666666666667851
4,2.8952380952380953882
5,3.339682539682539808
6,2.9760461760461761616
7,3.2837384837384838709
8,3.017071817071817208
9,3.2523659347188760282
10,3.0418396189294023557
